[{"model": "foodcartapp.restaurant", "pk": 1, "fields": {"name": "Star Burger Арбат", "address": "Москва, ул. Новый Арбат, 15", "contact_phone": "+7 (967) 157-44-13"}}, {"model": "foodcartapp.restaurant", "pk": 2, "fields": {"name": "Star Burger Цветной", "address": "Москва, Цветной бульвар, 11с2", "contact_phone": "+7 (929) 949-55-36"}}, {"model": "foodcartapp.restaurant", "pk": 3, "fields": {"name": "Star Burger Европейский", "address": "Москва, пл. Киевского Вокзала, 2", "contact_phone": "+7 (929) 680-47-58"}}, {"model": "foodcartapp.restaurant", "pk": 4, "fields": {"name": "Секретный ресторан", "address": "1", "contact_phone": ""}}, {"model": "foodcartapp.productcategory", "pk": 1, "fields": {"name": "Бургер"}}, {"model": "foodcartapp.productcategory", "pk": 2, "fields": {"name": "Ролл"}}, {"model": "foodcartapp.product", "pk": 1, "fields": {"name": "Стейкхаус", "category": 1, "price": "269.00", "image": "steak.jpg", "special_status": false, "description": "Стейкхаус – это сочетание нашей фирменной, приготовленной на огне 100% говядины с ломтиками бекона и соусом «Барбекю»..."}}, {"model": "foodcartapp.product", "pk": 2, "fields": {"name": "Лонг Чизбургер", "category": 1, "price": "219.00", "image": "long_chiz.jpg", "special_status": false, "description": "онг Чизбургер – эталон в коллекции чизбургеров!"}}, {"model": "foodcartapp.product", "pk": 3, "fields": {"name": "Тройной Воппер", "category": 1, "price": "369.99", "image": "triple_vopper.jpg", "special_status": false, "description": "ВОППЕР® — это вкуснейшая приготовленная на огне 100% говядина."}}, {"model": "foodcartapp.product", "pk": 4, "fields": {"name": "Шримп Ролл", "category": 2, "price": "209.00", "image": "shrimp_roll.jpg", "special_status": false, "description": "Легкий ролл с нежными королевскими креветками в хрустящей панировке, свежий салат Айсберг и ломтик сыра в пшеничной лепешке под фирменным соусом «Кинг»."}}, {"model": "foodcartapp.product", "pk": 5, "fields": {"name": "Фиш Ролл", "category": 2, "price": "199.99", "image": "fish_roll.jpg", "special_status": false, "description": "Наш новый ролл с аппетитной котлеткой из филе белой рыбы, с фирменным соусом, маринованными огурчиками и хрустящим салатом. Легкое рыбное удовольствие!"}}, {"model": "foodcartapp.product", "pk": 6, "fields": {"name": "Бутерброд с икрой", "category": 1, "price": "211.00", "image": "mqdefault.jpg", "special_status": false, "description": "Мега бутер с икрой"}}, {"model": "foodcartapp.restaurantmenuitem", "pk": 1, "fields": {"restaurant": 1, "product": 1, "availability": true}}, {"model": "foodcartapp.restaurantmenuitem", "pk": 2, "fields": {"restaurant": 1, "product": 2, "availability": true}}, {"model": "foodcartapp.restaurantmenuitem", "pk": 3, "fields": {"restaurant": 1, "product": 5, "availability": true}}, {"model": "foodcartapp.restaurantmenuitem", "pk": 4, "fields": {"restaurant": 2, "product": 4, "availability": true}}, {"model": "foodcartapp.restaurantmenuitem", "pk": 5, "fields": {"restaurant": 2, "product": 1, "availability": true}}, {"model": "foodcartapp.restaurantmenuitem", "pk": 6, "fields": {"restaurant": 3, "product": 3, "availability": true}}, {"model": "foodcartapp.restaurantmenuitem", "pk": 7, "fields": {"restaurant": 3, "product": 5, "availability": true}}, {"model": "foodcartapp.restaurantmenuitem", "pk": 8, "fields": {"restaurant": 3, "product": 4, "availability": true}}, {"model": "foodcartapp.restaurantmenuitem", "pk": 9, "fields": {"restaurant": 1, "product": 4, "availability": true}}, {"model": "foodcartapp.restaurantmenuitem", "pk": 12, "fields": {"restaurant": 4, "product": 6, "availability": true}}, {"model": "foodcartapp.restaurantmenuitem", "pk": 13, "fields": {"restaurant": 2, "product": 6, "availability": false}}, {"model": "foodcartapp.order", "pk": 36, "fields": {"status": 3, "cook_by": 1, "payment_type": "CASH", "address": "Клин, стрельбище", "firstname": "Кира", "lastname": "Самохина", "phonenumber": "+7 916 322-22-23", "comment": "", "created_at": "2022-08-17T10:55:52Z", "called_at": null, "delivered_at": null}}, {"model": "foodcartapp.order", "pk": 39, "fields": {"status": 1, "cook_by": null, "payment_type": "CASH", "address": "Москва, ул. Верхняя Масловка, 25-1-22", "firstname": "Александр", "lastname": "Самохин", "phonenumber": "+7 903 132-12-12", "comment": "", "created_at": "2022-08-17T10:55:52.569Z", "called_at": null, "delivered_at": null}}, {"model": "foodcartapp.order", "pk": 40, "fields": {"status": 2, "cook_by": 1, "payment_type": "CARD", "address": "Каморка Папы Карло", "firstname": "Буратино", "lastname": "Деревянко", "phonenumber": "+7 916 933-25-25", "comment": "", "created_at": "2022-08-17T10:55:52Z", "called_at": "2022-08-17T11:40:07Z", "delivered_at": null}}, {"model": "foodcartapp.order", "pk": 41, "fields": {"status": 1, "cook_by": 3, "payment_type": "CASH", "address": "Мытищинский район, д. Осташково", "firstname": "Дядя", "lastname": "Федор", "phonenumber": "+7 903 132-12-12", "comment": "Больше сыра!", "created_at": "2022-08-17T10:55:52Z", "called_at": null, "delivered_at": null}}, {"model": "foodcartapp.order", "pk": 42, "fields": {"status": 1, "cook_by": null, "payment_type": "CASH", "address": "Клин, стрельбище", "firstname": "Елена", "lastname": "Девис", "phonenumber": "+7 903 456-78-98", "comment": "", "created_at": "2022-08-17T10:55:52.569Z", "called_at": null, "delivered_at": null}}, {"model": "foodcartapp.order", "pk": 43, "fields": {"status": 1, "cook_by": null, "payment_type": "CASH", "address": "Москва, ул. Верхняя Масловка, 25-1-22", "firstname": "Татьяна", "lastname": "Александрова", "phonenumber": "+7 903 132-12-12", "comment": "", "created_at": "2022-08-17T10:55:52.569Z", "called_at": null, "delivered_at": null}}, {"model": "foodcartapp.order", "pk": 44, "fields": {"status": 1, "cook_by": null, "payment_type": "CASH", "address": "г. Вологда", "firstname": "Воппер  369 OK", "lastname": "Ролл 199 OK", "phonenumber": "+7 903 132-12-12", "comment": "Не забудь полить помидоры!", "created_at": "2022-08-17T10:55:52Z", "called_at": null, "delivered_at": null}}, {"model": "foodcartapp.order", "pk": 45, "fields": {"status": 1, "cook_by": null, "payment_type": "CASH", "address": "Москва, БЦ \"Башиловский двор\"", "firstname": "Вадим", "lastname": "Андреевич", "phonenumber": "+7 903 133-34-45", "comment": "", "created_at": "2022-08-22T06:13:37.384Z", "called_at": null, "delivered_at": null}}, {"model": "foodcartapp.order", "pk": 46, "fields": {"status": 1, "cook_by": null, "payment_type": "CASH", "address": "Мытищинский район, д. Осташково", "firstname": "Ольга", "lastname": "Самохина", "phonenumber": "+7 916 135-55-18", "comment": "", "created_at": "2022-08-22T10:03:24.142Z", "called_at": null, "delivered_at": null}}, {"model": "foodcartapp.order", "pk": 47, "fields": {"status": 1, "cook_by": null, "payment_type": "CASH", "address": "Москва, БЦ \"Башиловский двор\"", "firstname": "Вадим", "lastname": "Кабанов", "phonenumber": "+7 916 933-56-78", "comment": "Проезд через шлагбаум", "created_at": "2022-08-30T07:04:03Z", "called_at": null, "delivered_at": null}}, {"model": "foodcartapp.order", "pk": 48, "fields": {"status": 1, "cook_by": null, "payment_type": "CASH", "address": "1аыаыа", "firstname": "Фантомас", "lastname": "Луи де Фенесович", "phonenumber": "+7 916 322-22-30", "comment": "", "created_at": "2022-08-30T07:47:20.210Z", "called_at": null, "delivered_at": null}}, {"model": "foodcartapp.order", "pk": 49, "fields": {"status": 1, "cook_by": null, "payment_type": "CASH", "address": "Санкт-Петербург, Фонтанка, 13", "firstname": "Михаил", "lastname": "Боярский", "phonenumber": "+7 812 456-34-67", "comment": "", "created_at": "2022-08-30T09:22:26Z", "called_at": null, "delivered_at": null}}, {"model": "foodcartapp.order", "pk": 50, "fields": {"status": 1, "cook_by": null, "payment_type": "CASH", "address": "1", "firstname": "Хитрый", "lastname": "Прохиндей", "phonenumber": "+7 903 132-12-12", "comment": "", "created_at": "2022-08-30T12:00:41Z", "called_at": null, "delivered_at": null}}, {"model": "foodcartapp.order", "pk": 51, "fields": {"status": 1, "cook_by": null, "payment_type": "CASH", "address": "Москва, Олимпийский проспект, 14", "firstname": "Илья", "lastname": "Осипов", "phonenumber": "+7 812 456-34-67", "comment": "", "created_at": "2022-08-30T12:30:35Z", "called_at": null, "delivered_at": null}}, {"model": "foodcartapp.order", "pk": 52, "fields": {"status": 1, "cook_by": null, "payment_type": "CASH", "address": "Москва, ул. Новый Арбат, 21", "firstname": "Илья", "lastname": "Осипов", "phonenumber": "+7 903 132-12-12", "comment": "", "created_at": "2022-08-31T08:52:03Z", "called_at": null, "delivered_at": null}}, {"model": "foodcartapp.order", "pk": 53, "fields": {"status": 1, "cook_by": null, "payment_type": "", "address": "Италия, Милан", "firstname": "Леонардо", "lastname": "Ди Финало", "phonenumber": "+7 812 456-34-67", "comment": "", "created_at": "2022-09-05T05:37:04.082Z", "called_at": null, "delivered_at": null}}, {"model": "foodcartapp.orderline", "pk": 1, "fields": {"order": 36, "product": 2, "quantity": 1, "price": "219.00"}}, {"model": "foodcartapp.orderline", "pk": 2, "fields": {"order": 36, "product": 4, "quantity": 2, "price": "209.00"}}, {"model": "foodcartapp.orderline", "pk": 3, "fields": {"order": 36, "product": 1, "quantity": 4, "price": "269.00"}}, {"model": "foodcartapp.orderline", "pk": 4, "fields": {"order": 39, "product": 3, "quantity": 1, "price": "369.00"}}, {"model": "foodcartapp.orderline", "pk": 8, "fields": {"order": 41, "product": 5, "quantity": 3, "price": "199.00"}}, {"model": "foodcartapp.orderline", "pk": 9, "fields": {"order": 41, "product": 3, "quantity": 1, "price": "369.00"}}, {"model": "foodcartapp.orderline", "pk": 10, "fields": {"order": 42, "product": 2, "quantity": 1, "price": "219.00"}}, {"model": "foodcartapp.orderline", "pk": 11, "fields": {"order": 42, "product": 4, "quantity": 1, "price": "209.00"}}, {"model": "foodcartapp.orderline", "pk": 12, "fields": {"order": 43, "product": 1, "quantity": 1, "price": "2.00"}}, {"model": "foodcartapp.orderline", "pk": 13, "fields": {"order": 43, "product": 2, "quantity": 2, "price": "2.00"}}, {"model": "foodcartapp.orderline", "pk": 14, "fields": {"order": 44, "product": 3, "quantity": 1, "price": "369.00"}}, {"model": "foodcartapp.orderline", "pk": 15, "fields": {"order": 44, "product": 5, "quantity": 1, "price": "199.00"}}, {"model": "foodcartapp.orderline", "pk": 16, "fields": {"order": 40, "product": 1, "quantity": 1, "price": "23.00"}}, {"model": "foodcartapp.orderline", "pk": 17, "fields": {"order": 45, "product": 3, "quantity": 1, "price": "369.99"}}, {"model": "foodcartapp.orderline", "pk": 18, "fields": {"order": 46, "product": 3, "quantity": 1, "price": "369.99"}}, {"model": "foodcartapp.orderline", "pk": 19, "fields": {"order": 47, "product": 1, "quantity": 1, "price": "350.00"}}, {"model": "foodcartapp.orderline", "pk": 20, "fields": {"order": 48, "product": 2, "quantity": 1, "price": "219.00"}}, {"model": "foodcartapp.orderline", "pk": 23, "fields": {"order": 50, "product": 6, "quantity": 1, "price": "211.00"}}, {"model": "foodcartapp.orderline", "pk": 28, "fields": {"order": 49, "product": 6, "quantity": 1, "price": "250.00"}}, {"model": "foodcartapp.orderline", "pk": 29, "fields": {"order": 51, "product": 4, "quantity": 1, "price": "300.00"}}, {"model": "foodcartapp.orderline", "pk": 30, "fields": {"order": 52, "product": 1, "quantity": 1, "price": "269.00"}}, {"model": "foodcartapp.orderline", "pk": 31, "fields": {"order": 52, "product": 2, "quantity": 1, "price": "219.00"}}, {"model": "foodcartapp.orderline", "pk": 32, "fields": {"order": 52, "product": 3, "quantity": 1, "price": "369.99"}}, {"model": "foodcartapp.orderline", "pk": 33, "fields": {"order": 52, "product": 6, "quantity": 1, "price": "211.00"}}, {"model": "foodcartapp.orderline", "pk": 34, "fields": {"order": 52, "product": 4, "quantity": 1, "price": "209.00"}}, {"model": "foodcartapp.orderline", "pk": 35, "fields": {"order": 52, "product": 5, "quantity": 1, "price": "199.99"}}, {"model": "foodcartapp.orderline", "pk": 36, "fields": {"order": 53, "product": 3, "quantity": 1, "price": "369.99"}}, {"model": "admin.logentry", "pk": 1, "fields": {"action_time": "2022-08-10T08:21:48.488Z", "user": 1, "content_type": 4, "object_id": "1", "object_repr": "Бургер", "action_flag": 1, "change_message": "[{\"added\": {}}]"}}, {"model": "admin.logentry", "pk": 2, "fields": {"action_time": "2022-08-10T08:22:00.586Z", "user": 1, "content_type": 4, "object_id": "2", "object_repr": "Ролл", "action_flag": 1, "change_message": "[{\"added\": {}}]"}}, {"model": "admin.logentry", "pk": 3, "fields": {"action_time": "2022-08-10T08:41:56.880Z", "user": 1, "content_type": 1, "object_id": "1", "object_repr": "Стейкхаус", "action_flag": 1, "change_message": "[{\"added\": {}}]"}}, {"model": "admin.logentry", "pk": 4, "fields": {"action_time": "2022-08-10T08:43:26.479Z", "user": 1, "content_type": 1, "object_id": "2", "object_repr": "Лонг Чизбургер", "action_flag": 1, "change_message": "[{\"added\": {}}]"}}, {"model": "admin.logentry", "pk": 5, "fields": {"action_time": "2022-08-10T08:43:46.896Z", "user": 1, "content_type": 1, "object_id": "1", "object_repr": "Стейкхаус", "action_flag": 2, "change_message": "[{\"changed\": {\"fields\": [\"\\u0426\\u0435\\u043d\\u0430\"]}}]"}}, {"model": "admin.logentry", "pk": 6, "fields": {"action_time": "2022-08-10T08:49:49.880Z", "user": 1, "content_type": 1, "object_id": "3", "object_repr": "Тройной Воппер", "action_flag": 1, "change_message": "[{\"added\": {}}]"}}, {"model": "admin.logentry", "pk": 7, "fields": {"action_time": "2022-08-10T08:51:13.819Z", "user": 1, "content_type": 1, "object_id": "4", "object_repr": "Шримп Ролл", "action_flag": 1, "change_message": "[{\"added\": {}}]"}}, {"model": "admin.logentry", "pk": 8, "fields": {"action_time": "2022-08-10T08:52:32.104Z", "user": 1, "content_type": 1, "object_id": "5", "object_repr": "Фиш Ролл", "action_flag": 1, "change_message": "[{\"added\": {}}]"}}, {"model": "admin.logentry", "pk": 9, "fields": {"action_time": "2022-08-10T08:53:33.325Z", "user": 1, "content_type": 2, "object_id": "1", "object_repr": "Star Burger Арбат", "action_flag": 1, "change_message": "[{\"added\": {}}]"}}, {"model": "admin.logentry", "pk": 10, "fields": {"action_time": "2022-08-10T08:54:22.096Z", "user": 1, "content_type": 2, "object_id": "2", "object_repr": "Star Burger Цветной", "action_flag": 1, "change_message": "[{\"added\": {}}]"}}, {"model": "admin.logentry", "pk": 11, "fields": {"action_time": "2022-08-10T08:55:00.577Z", "user": 1, "content_type": 2, "object_id": "3", "object_repr": "Star Burger Европейский", "action_flag": 1, "change_message": "[{\"added\": {}}]"}}, {"model": "admin.logentry", "pk": 12, "fields": {"action_time": "2022-08-10T08:55:24.245Z", "user": 1, "content_type": 2, "object_id": "1", "object_repr": "Star Burger Арбат", "action_flag": 2, "change_message": "[{\"added\": {\"name\": \"\\u043f\\u0443\\u043d\\u043a\\u0442 \\u043c\\u0435\\u043d\\u044e \\u0440\\u0435\\u0441\\u0442\\u043e\\u0440\\u0430\\u043d\\u0430\", \"object\": \"Star Burger \\u0410\\u0440\\u0431\\u0430\\u0442 - \\u0421\\u0442\\u0435\\u0439\\u043a\\u0445\\u0430\\u0443\\u0441\"}}, {\"added\": {\"name\": \"\\u043f\\u0443\\u043d\\u043a\\u0442 \\u043c\\u0435\\u043d\\u044e \\u0440\\u0435\\u0441\\u0442\\u043e\\u0440\\u0430\\u043d\\u0430\", \"object\": \"Star Burger \\u0410\\u0440\\u0431\\u0430\\u0442 - \\u041b\\u043e\\u043d\\u0433 \\u0427\\u0438\\u0437\\u0431\\u0443\\u0440\\u0433\\u0435\\u0440\"}}, {\"added\": {\"name\": \"\\u043f\\u0443\\u043d\\u043a\\u0442 \\u043c\\u0435\\u043d\\u044e \\u0440\\u0435\\u0441\\u0442\\u043e\\u0440\\u0430\\u043d\\u0430\", \"object\": \"Star Burger \\u0410\\u0440\\u0431\\u0430\\u0442 - \\u0424\\u0438\\u0448 \\u0420\\u043e\\u043b\\u043b\"}}]"}}, {"model": "admin.logentry", "pk": 13, "fields": {"action_time": "2022-08-10T08:55:36.405Z", "user": 1, "content_type": 2, "object_id": "2", "object_repr": "Star Burger Цветной", "action_flag": 2, "change_message": "[{\"added\": {\"name\": \"\\u043f\\u0443\\u043d\\u043a\\u0442 \\u043c\\u0435\\u043d\\u044e \\u0440\\u0435\\u0441\\u0442\\u043e\\u0440\\u0430\\u043d\\u0430\", \"object\": \"Star Burger \\u0426\\u0432\\u0435\\u0442\\u043d\\u043e\\u0439 - \\u0428\\u0440\\u0438\\u043c\\u043f \\u0420\\u043e\\u043b\\u043b\"}}, {\"added\": {\"name\": \"\\u043f\\u0443\\u043d\\u043a\\u0442 \\u043c\\u0435\\u043d\\u044e \\u0440\\u0435\\u0441\\u0442\\u043e\\u0440\\u0430\\u043d\\u0430\", \"object\": \"Star Burger \\u0426\\u0432\\u0435\\u0442\\u043d\\u043e\\u0439 - \\u0421\\u0442\\u0435\\u0439\\u043a\\u0445\\u0430\\u0443\\u0441\"}}]"}}, {"model": "admin.logentry", "pk": 14, "fields": {"action_time": "2022-08-10T08:56:10.118Z", "user": 1, "content_type": 2, "object_id": "3", "object_repr": "Star Burger Европейский", "action_flag": 2, "change_message": "[{\"added\": {\"name\": \"\\u043f\\u0443\\u043d\\u043a\\u0442 \\u043c\\u0435\\u043d\\u044e \\u0440\\u0435\\u0441\\u0442\\u043e\\u0440\\u0430\\u043d\\u0430\", \"object\": \"Star Burger \\u0415\\u0432\\u0440\\u043e\\u043f\\u0435\\u0439\\u0441\\u043a\\u0438\\u0439 - \\u0422\\u0440\\u043e\\u0439\\u043d\\u043e\\u0439 \\u0412\\u043e\\u043f\\u043f\\u0435\\u0440\"}}, {\"added\": {\"name\": \"\\u043f\\u0443\\u043d\\u043a\\u0442 \\u043c\\u0435\\u043d\\u044e \\u0440\\u0435\\u0441\\u0442\\u043e\\u0440\\u0430\\u043d\\u0430\", \"object\": \"Star Burger \\u0415\\u0432\\u0440\\u043e\\u043f\\u0435\\u0439\\u0441\\u043a\\u0438\\u0439 - \\u0424\\u0438\\u0448 \\u0420\\u043e\\u043b\\u043b\"}}, {\"added\": {\"name\": \"\\u043f\\u0443\\u043d\\u043a\\u0442 \\u043c\\u0435\\u043d\\u044e \\u0440\\u0435\\u0441\\u0442\\u043e\\u0440\\u0430\\u043d\\u0430\", \"object\": \"Star Burger \\u0415\\u0432\\u0440\\u043e\\u043f\\u0435\\u0439\\u0441\\u043a\\u0438\\u0439 - \\u0428\\u0440\\u0438\\u043c\\u043f \\u0420\\u043e\\u043b\\u043b\"}}]"}}, {"model": "admin.logentry", "pk": 15, "fields": {"action_time": "2022-08-11T06:57:37.811Z", "user": 1, "content_type": 12, "object_id": "1", "object_repr": "Order object (1)", "action_flag": 3, "change_message": ""}}, {"model": "admin.logentry", "pk": 16, "fields": {"action_time": "2022-08-11T09:19:37.625Z", "user": 1, "content_type": 12, "object_id": "4", "object_repr": "Order object (4)", "action_flag": 3, "change_message": ""}}, {"model": "admin.logentry", "pk": 17, "fields": {"action_time": "2022-08-11T09:19:37.631Z", "user": 1, "content_type": 12, "object_id": "3", "object_repr": "Order object (3)", "action_flag": 3, "change_message": ""}}, {"model": "admin.logentry", "pk": 18, "fields": {"action_time": "2022-08-11T09:19:37.637Z", "user": 1, "content_type": 12, "object_id": "2", "object_repr": "Order object (2)", "action_flag": 3, "change_message": ""}}, {"model": "admin.logentry", "pk": 19, "fields": {"action_time": "2022-08-11T10:49:57.356Z", "user": 1, "content_type": 12, "object_id": "7", "object_repr": "Order object (7)", "action_flag": 3, "change_message": ""}}, {"model": "admin.logentry", "pk": 20, "fields": {"action_time": "2022-08-11T10:49:57.362Z", "user": 1, "content_type": 12, "object_id": "6", "object_repr": "Order object (6)", "action_flag": 3, "change_message": ""}}, {"model": "admin.logentry", "pk": 21, "fields": {"action_time": "2022-08-11T10:49:57.367Z", "user": 1, "content_type": 12, "object_id": "5", "object_repr": "Order object (5)", "action_flag": 3, "change_message": ""}}, {"model": "admin.logentry", "pk": 22, "fields": {"action_time": "2022-08-12T09:59:06.344Z", "user": 1, "content_type": 12, "object_id": "29", "object_repr": "Order object (29)", "action_flag": 3, "change_message": ""}}, {"model": "admin.logentry", "pk": 23, "fields": {"action_time": "2022-08-12T09:59:06.351Z", "user": 1, "content_type": 12, "object_id": "28", "object_repr": "Order object (28)", "action_flag": 3, "change_message": ""}}, {"model": "admin.logentry", "pk": 24, "fields": {"action_time": "2022-08-12T09:59:06.356Z", "user": 1, "content_type": 12, "object_id": "27", "object_repr": "Order object (27)", "action_flag": 3, "change_message": ""}}, {"model": "admin.logentry", "pk": 25, "fields": {"action_time": "2022-08-12T09:59:06.362Z", "user": 1, "content_type": 12, "object_id": "26", "object_repr": "Order object (26)", "action_flag": 3, "change_message": ""}}, {"model": "admin.logentry", "pk": 26, "fields": {"action_time": "2022-08-12T09:59:06.367Z", "user": 1, "content_type": 12, "object_id": "25", "object_repr": "Order object (25)", "action_flag": 3, "change_message": ""}}, {"model": "admin.logentry", "pk": 27, "fields": {"action_time": "2022-08-12T09:59:06.372Z", "user": 1, "content_type": 12, "object_id": "24", "object_repr": "Order object (24)", "action_flag": 3, "change_message": ""}}, {"model": "admin.logentry", "pk": 28, "fields": {"action_time": "2022-08-12T09:59:06.378Z", "user": 1, "content_type": 12, "object_id": "23", "object_repr": "Order object (23)", "action_flag": 3, "change_message": ""}}, {"model": "admin.logentry", "pk": 29, "fields": {"action_time": "2022-08-12T09:59:06.383Z", "user": 1, "content_type": 12, "object_id": "22", "object_repr": "Order object (22)", "action_flag": 3, "change_message": ""}}, {"model": "admin.logentry", "pk": 30, "fields": {"action_time": "2022-08-12T09:59:06.389Z", "user": 1, "content_type": 12, "object_id": "21", "object_repr": "Order object (21)", "action_flag": 3, "change_message": ""}}, {"model": "admin.logentry", "pk": 31, "fields": {"action_time": "2022-08-12T09:59:06.394Z", "user": 1, "content_type": 12, "object_id": "20", "object_repr": "Order object (20)", "action_flag": 3, "change_message": ""}}, {"model": "admin.logentry", "pk": 32, "fields": {"action_time": "2022-08-12T09:59:06.400Z", "user": 1, "content_type": 12, "object_id": "19", "object_repr": "Order object (19)", "action_flag": 3, "change_message": ""}}, {"model": "admin.logentry", "pk": 33, "fields": {"action_time": "2022-08-12T09:59:06.405Z", "user": 1, "content_type": 12, "object_id": "18", "object_repr": "Order object (18)", "action_flag": 3, "change_message": ""}}, {"model": "admin.logentry", "pk": 34, "fields": {"action_time": "2022-08-12T09:59:06.410Z", "user": 1, "content_type": 12, "object_id": "17", "object_repr": "Order object (17)", "action_flag": 3, "change_message": ""}}, {"model": "admin.logentry", "pk": 35, "fields": {"action_time": "2022-08-12T09:59:06.416Z", "user": 1, "content_type": 12, "object_id": "16", "object_repr": "Order object (16)", "action_flag": 3, "change_message": ""}}, {"model": "admin.logentry", "pk": 36, "fields": {"action_time": "2022-08-12T09:59:06.421Z", "user": 1, "content_type": 12, "object_id": "15", "object_repr": "Order object (15)", "action_flag": 3, "change_message": ""}}, {"model": "admin.logentry", "pk": 37, "fields": {"action_time": "2022-08-12T09:59:06.427Z", "user": 1, "content_type": 12, "object_id": "14", "object_repr": "Order object (14)", "action_flag": 3, "change_message": ""}}, {"model": "admin.logentry", "pk": 38, "fields": {"action_time": "2022-08-12T09:59:06.432Z", "user": 1, "content_type": 12, "object_id": "13", "object_repr": "Order object (13)", "action_flag": 3, "change_message": ""}}, {"model": "admin.logentry", "pk": 39, "fields": {"action_time": "2022-08-12T09:59:06.438Z", "user": 1, "content_type": 12, "object_id": "12", "object_repr": "Order object (12)", "action_flag": 3, "change_message": ""}}, {"model": "admin.logentry", "pk": 40, "fields": {"action_time": "2022-08-12T09:59:06.443Z", "user": 1, "content_type": 12, "object_id": "11", "object_repr": "Order object (11)", "action_flag": 3, "change_message": ""}}, {"model": "admin.logentry", "pk": 41, "fields": {"action_time": "2022-08-12T09:59:06.448Z", "user": 1, "content_type": 12, "object_id": "10", "object_repr": "Order object (10)", "action_flag": 3, "change_message": ""}}, {"model": "admin.logentry", "pk": 42, "fields": {"action_time": "2022-08-12T09:59:06.454Z", "user": 1, "content_type": 12, "object_id": "9", "object_repr": "Order object (9)", "action_flag": 3, "change_message": ""}}, {"model": "admin.logentry", "pk": 43, "fields": {"action_time": "2022-08-12T09:59:06.459Z", "user": 1, "content_type": 12, "object_id": "8", "object_repr": "Order object (8)", "action_flag": 3, "change_message": ""}}, {"model": "admin.logentry", "pk": 44, "fields": {"action_time": "2022-08-12T10:17:31.235Z", "user": 1, "content_type": 12, "object_id": "30", "object_repr": "Order object (30)", "action_flag": 3, "change_message": ""}}, {"model": "admin.logentry", "pk": 45, "fields": {"action_time": "2022-08-12T10:38:52.581Z", "user": 1, "content_type": 12, "object_id": "31", "object_repr": "Order object (31)", "action_flag": 3, "change_message": ""}}, {"model": "admin.logentry", "pk": 46, "fields": {"action_time": "2022-08-15T06:32:10.744Z", "user": 1, "content_type": 12, "object_id": "34", "object_repr": "Order object (34)", "action_flag": 2, "change_message": "[{\"changed\": {\"name\": \"\\u041f\\u043e\\u0437\\u0438\\u0446\\u0438\\u044f \\u0437\\u0430\\u043a\\u0430\\u0437\\u0430\", \"object\": \"OrderLine object (40)\", \"fields\": [\"\\u0426\\u0435\\u043d\\u0430\"]}}]"}}, {"model": "admin.logentry", "pk": 47, "fields": {"action_time": "2022-08-15T06:40:07.338Z", "user": 1, "content_type": 12, "object_id": "34", "object_repr": "Order object (34)", "action_flag": 3, "change_message": ""}}, {"model": "admin.logentry", "pk": 48, "fields": {"action_time": "2022-08-15T06:40:07.343Z", "user": 1, "content_type": 12, "object_id": "33", "object_repr": "Order object (33)", "action_flag": 3, "change_message": ""}}, {"model": "admin.logentry", "pk": 49, "fields": {"action_time": "2022-08-15T06:40:07.349Z", "user": 1, "content_type": 12, "object_id": "32", "object_repr": "Order object (32)", "action_flag": 3, "change_message": ""}}, {"model": "admin.logentry", "pk": 50, "fields": {"action_time": "2022-08-15T06:45:55.066Z", "user": 1, "content_type": 12, "object_id": "35", "object_repr": "Order object (35)", "action_flag": 3, "change_message": ""}}, {"model": "admin.logentry", "pk": 51, "fields": {"action_time": "2022-08-15T07:02:54.996Z", "user": 1, "content_type": 12, "object_id": "38", "object_repr": "Order object (38)", "action_flag": 3, "change_message": ""}}, {"model": "admin.logentry", "pk": 52, "fields": {"action_time": "2022-08-15T07:02:55.002Z", "user": 1, "content_type": 12, "object_id": "37", "object_repr": "Order object (37)", "action_flag": 3, "change_message": ""}}, {"model": "admin.logentry", "pk": 53, "fields": {"action_time": "2022-08-15T08:10:10.153Z", "user": 1, "content_type": 12, "object_id": "40", "object_repr": "Order object (40)", "action_flag": 1, "change_message": "[{\"added\": {}}, {\"added\": {\"name\": \"\\u041f\\u043e\\u0437\\u0438\\u0446\\u0438\\u044f \\u0437\\u0430\\u043a\\u0430\\u0437\\u0430\", \"object\": \"OrderLine object (5)\"}}, {\"added\": {\"name\": \"\\u041f\\u043e\\u0437\\u0438\\u0446\\u0438\\u044f \\u0437\\u0430\\u043a\\u0430\\u0437\\u0430\", \"object\": \"OrderLine object (6)\"}}, {\"added\": {\"name\": \"\\u041f\\u043e\\u0437\\u0438\\u0446\\u0438\\u044f \\u0437\\u0430\\u043a\\u0430\\u0437\\u0430\", \"object\": \"OrderLine object (7)\"}}]"}}, {"model": "admin.logentry", "pk": 54, "fields": {"action_time": "2022-08-15T08:10:50.942Z", "user": 1, "content_type": 12, "object_id": "41", "object_repr": "Order object (41)", "action_flag": 1, "change_message": "[{\"added\": {}}, {\"added\": {\"name\": \"\\u041f\\u043e\\u0437\\u0438\\u0446\\u0438\\u044f \\u0437\\u0430\\u043a\\u0430\\u0437\\u0430\", \"object\": \"OrderLine object (8)\"}}, {\"added\": {\"name\": \"\\u041f\\u043e\\u0437\\u0438\\u0446\\u0438\\u044f \\u0437\\u0430\\u043a\\u0430\\u0437\\u0430\", \"object\": \"OrderLine object (9)\"}}]"}}, {"model": "admin.logentry", "pk": 55, "fields": {"action_time": "2022-08-15T08:13:48.686Z", "user": 1, "content_type": 12, "object_id": "42", "object_repr": "Order object (42)", "action_flag": 1, "change_message": "[{\"added\": {}}, {\"added\": {\"name\": \"\\u041f\\u043e\\u0437\\u0438\\u0446\\u0438\\u044f \\u0437\\u0430\\u043a\\u0430\\u0437\\u0430\", \"object\": \"OrderLine object (10)\"}}, {\"added\": {\"name\": \"\\u041f\\u043e\\u0437\\u0438\\u0446\\u0438\\u044f \\u0437\\u0430\\u043a\\u0430\\u0437\\u0430\", \"object\": \"OrderLine object (11)\"}}]"}}, {"model": "admin.logentry", "pk": 56, "fields": {"action_time": "2022-08-15T08:14:28.475Z", "user": 1, "content_type": 12, "object_id": "43", "object_repr": "Order object (43)", "action_flag": 1, "change_message": "[{\"added\": {}}, {\"added\": {\"name\": \"\\u041f\\u043e\\u0437\\u0438\\u0446\\u0438\\u044f \\u0437\\u0430\\u043a\\u0430\\u0437\\u0430\", \"object\": \"OrderLine object (12)\"}}, {\"added\": {\"name\": \"\\u041f\\u043e\\u0437\\u0438\\u0446\\u0438\\u044f \\u0437\\u0430\\u043a\\u0430\\u0437\\u0430\", \"object\": \"OrderLine object (13)\"}}]"}}, {"model": "admin.logentry", "pk": 57, "fields": {"action_time": "2022-08-15T08:47:32.860Z", "user": 1, "content_type": 1, "object_id": "5", "object_repr": "Фиш Ролл", "action_flag": 2, "change_message": "[{\"changed\": {\"fields\": [\"\\u0426\\u0435\\u043d\\u0430\"]}}]"}}, {"model": "admin.logentry", "pk": 58, "fields": {"action_time": "2022-08-15T08:47:56.158Z", "user": 1, "content_type": 1, "object_id": "3", "object_repr": "Тройной Воппер", "action_flag": 2, "change_message": "[{\"changed\": {\"fields\": [\"\\u0426\\u0435\\u043d\\u0430\"]}}]"}}, {"model": "admin.logentry", "pk": 59, "fields": {"action_time": "2022-08-15T08:48:24.248Z", "user": 1, "content_type": 12, "object_id": "44", "object_repr": "Order object (44)", "action_flag": 2, "change_message": "[{\"changed\": {\"fields\": [\"\\u0418\\u043c\\u044f\", \"\\u0424\\u0430\\u043c\\u0438\\u043b\\u0438\\u044f\"]}}]"}}, {"model": "admin.logentry", "pk": 60, "fields": {"action_time": "2022-08-15T11:00:02.068Z", "user": 1, "content_type": 12, "object_id": "45", "object_repr": "Order object (45)", "action_flag": 3, "change_message": ""}}, {"model": "admin.logentry", "pk": 61, "fields": {"action_time": "2022-08-17T09:22:18.254Z", "user": 1, "content_type": 12, "object_id": "43", "object_repr": "Order object (43)", "action_flag": 2, "change_message": "[{\"changed\": {\"name\": \"\\u041f\\u043e\\u0437\\u0438\\u0446\\u0438\\u044f \\u0437\\u0430\\u043a\\u0430\\u0437\\u0430\", \"object\": \"OrderLine object (12)\", \"fields\": [\"\\u0426\\u0435\\u043d\\u0430\"]}}, {\"changed\": {\"name\": \"\\u041f\\u043e\\u0437\\u0438\\u0446\\u0438\\u044f \\u0437\\u0430\\u043a\\u0430\\u0437\\u0430\", \"object\": \"OrderLine object (13)\", \"fields\": [\"\\u0426\\u0435\\u043d\\u0430\"]}}]"}}, {"model": "admin.logentry", "pk": 62, "fields": {"action_time": "2022-08-17T09:22:39.354Z", "user": 1, "content_type": 12, "object_id": "39", "object_repr": "Order object (39)", "action_flag": 2, "change_message": "[{\"changed\": {\"fields\": [\"Status\"]}}]"}}, {"model": "admin.logentry", "pk": 63, "fields": {"action_time": "2022-08-17T09:25:20.879Z", "user": 1, "content_type": 12, "object_id": "39", "object_repr": "Order object (39)", "action_flag": 2, "change_message": "[{\"changed\": {\"fields\": [\"\\u0418\\u043c\\u044f\"]}}]"}}, {"model": "admin.logentry", "pk": 64, "fields": {"action_time": "2022-08-17T09:25:59.371Z", "user": 1, "content_type": 12, "object_id": "40", "object_repr": "Order object (40)", "action_flag": 2, "change_message": "[{\"deleted\": {\"name\": \"\\u041f\\u043e\\u0437\\u0438\\u0446\\u0438\\u044f \\u0437\\u0430\\u043a\\u0430\\u0437\\u0430\", \"object\": \"OrderLine object (None)\"}}, {\"deleted\": {\"name\": \"\\u041f\\u043e\\u0437\\u0438\\u0446\\u0438\\u044f \\u0437\\u0430\\u043a\\u0430\\u0437\\u0430\", \"object\": \"OrderLine object (None)\"}}, {\"deleted\": {\"name\": \"\\u041f\\u043e\\u0437\\u0438\\u0446\\u0438\\u044f \\u0437\\u0430\\u043a\\u0430\\u0437\\u0430\", \"object\": \"OrderLine object (None)\"}}]"}}, {"model": "admin.logentry", "pk": 65, "fields": {"action_time": "2022-08-17T09:26:18.835Z", "user": 1, "content_type": 12, "object_id": "40", "object_repr": "Order object (40)", "action_flag": 2, "change_message": "[{\"added\": {\"name\": \"\\u041f\\u043e\\u0437\\u0438\\u0446\\u0438\\u044f \\u0437\\u0430\\u043a\\u0430\\u0437\\u0430\", \"object\": \"OrderLine object (16)\"}}]"}}, {"model": "admin.logentry", "pk": 66, "fields": {"action_time": "2022-08-17T09:26:28.730Z", "user": 1, "content_type": 12, "object_id": "40", "object_repr": "Order object (40)", "action_flag": 2, "change_message": "[{\"changed\": {\"name\": \"\\u041f\\u043e\\u0437\\u0438\\u0446\\u0438\\u044f \\u0437\\u0430\\u043a\\u0430\\u0437\\u0430\", \"object\": \"OrderLine object (16)\", \"fields\": [\"\\u0426\\u0435\\u043d\\u0430\"]}}]"}}, {"model": "admin.logentry", "pk": 67, "fields": {"action_time": "2022-08-17T09:26:39.641Z", "user": 1, "content_type": 12, "object_id": "44", "object_repr": "Order object (44)", "action_flag": 2, "change_message": "[{\"changed\": {\"fields\": [\"Status\"]}}]"}}, {"model": "admin.logentry", "pk": 68, "fields": {"action_time": "2022-08-17T10:24:13.196Z", "user": 1, "content_type": 12, "object_id": "36", "object_repr": "Order object (36)", "action_flag": 2, "change_message": "[{\"changed\": {\"fields\": [\"Status\"]}}]"}}, {"model": "admin.logentry", "pk": 69, "fields": {"action_time": "2022-08-17T10:32:17.155Z", "user": 1, "content_type": 12, "object_id": "44", "object_repr": "Order object (44)", "action_flag": 2, "change_message": "[{\"changed\": {\"fields\": [\"\\u041a\\u043e\\u043c\\u043c\\u0435\\u043d\\u0442\\u0430\\u0440\\u0438\\u0439\"]}}]"}}, {"model": "admin.logentry", "pk": 70, "fields": {"action_time": "2022-08-17T10:35:35.198Z", "user": 1, "content_type": 12, "object_id": "44", "object_repr": "Order object (44)", "action_flag": 2, "change_message": "[{\"changed\": {\"fields\": [\"Status\"]}}]"}}, {"model": "admin.logentry", "pk": 71, "fields": {"action_time": "2022-08-17T10:35:54.089Z", "user": 1, "content_type": 12, "object_id": "44", "object_repr": "Order object (44)", "action_flag": 2, "change_message": "[]"}}, {"model": "admin.logentry", "pk": 72, "fields": {"action_time": "2022-08-17T10:36:30.300Z", "user": 1, "content_type": 12, "object_id": "41", "object_repr": "Order object (41)", "action_flag": 2, "change_message": "[{\"changed\": {\"fields\": [\"\\u041a\\u043e\\u043c\\u043c\\u0435\\u043d\\u0442\\u0430\\u0440\\u0438\\u0439\"]}}]"}}, {"model": "admin.logentry", "pk": 73, "fields": {"action_time": "2022-08-17T11:40:12.767Z", "user": 1, "content_type": 12, "object_id": "40", "object_repr": "Order object (40)", "action_flag": 2, "change_message": "[{\"changed\": {\"fields\": [\"\\u0421\\u043f\\u043e\\u0441\\u043e\\u0431 \\u043e\\u043f\\u043b\\u0430\\u0442\\u044b\", \"Called at\"]}}]"}}, {"model": "admin.logentry", "pk": 74, "fields": {"action_time": "2022-08-18T10:25:43.285Z", "user": 1, "content_type": 1, "object_id": "4", "object_repr": "Шримп Ролл", "action_flag": 2, "change_message": "[{\"added\": {\"name\": \"\\u043f\\u0443\\u043d\\u043a\\u0442 \\u043c\\u0435\\u043d\\u044e \\u0440\\u0435\\u0441\\u0442\\u043e\\u0440\\u0430\\u043d\\u0430\", \"object\": \"Star Burger \\u0410\\u0440\\u0431\\u0430\\u0442 - \\u0428\\u0440\\u0438\\u043c\\u043f \\u0420\\u043e\\u043b\\u043b\"}}]"}}, {"model": "admin.logentry", "pk": 75, "fields": {"action_time": "2022-08-19T08:30:09.604Z", "user": 1, "content_type": 12, "object_id": "44", "object_repr": "Order object (44)", "action_flag": 2, "change_message": "[]"}}, {"model": "admin.logentry", "pk": 76, "fields": {"action_time": "2022-08-22T05:44:22.854Z", "user": 1, "content_type": 12, "object_id": "40", "object_repr": "Заказ №40", "action_flag": 2, "change_message": "[{\"changed\": {\"fields\": [\"\\u0418\\u0441\\u043f\\u043e\\u043b\\u043d\\u0438\\u0442\\u0435\\u043b\\u044c\"]}}]"}}, {"model": "admin.logentry", "pk": 77, "fields": {"action_time": "2022-08-22T05:45:40.851Z", "user": 1, "content_type": 12, "object_id": "36", "object_repr": "Заказ №36", "action_flag": 2, "change_message": "[{\"changed\": {\"fields\": [\"\\u0421\\u0442\\u0430\\u0442\\u0443\\u0441 \\u0437\\u0430\\u043a\\u0430\\u0437\\u0430\", \"\\u0418\\u0441\\u043f\\u043e\\u043b\\u043d\\u0438\\u0442\\u0435\\u043b\\u044c\"]}}]"}}, {"model": "admin.logentry", "pk": 78, "fields": {"action_time": "2022-08-22T05:46:18.273Z", "user": 1, "content_type": 12, "object_id": "40", "object_repr": "Заказ №40", "action_flag": 2, "change_message": "[{\"changed\": {\"fields\": [\"\\u0421\\u0442\\u0430\\u0442\\u0443\\u0441 \\u0437\\u0430\\u043a\\u0430\\u0437\\u0430\"]}}]"}}, {"model": "admin.logentry", "pk": 79, "fields": {"action_time": "2022-08-22T08:12:52.023Z", "user": 1, "content_type": 12, "object_id": "41", "object_repr": "Заказ №41", "action_flag": 2, "change_message": "[{\"changed\": {\"fields\": [\"\\u0410\\u0434\\u0440\\u0435\\u0441\"]}}]"}}, {"model": "admin.logentry", "pk": 80, "fields": {"action_time": "2022-08-22T08:14:01.949Z", "user": 1, "content_type": 12, "object_id": "44", "object_repr": "Заказ №44", "action_flag": 2, "change_message": "[{\"changed\": {\"fields\": [\"\\u0410\\u0434\\u0440\\u0435\\u0441\"]}}]"}}, {"model": "admin.logentry", "pk": 81, "fields": {"action_time": "2022-08-30T07:03:02.456Z", "user": 1, "content_type": 2, "object_id": "4", "object_repr": "Секретный ресторан", "action_flag": 1, "change_message": "[{\"added\": {}}, {\"added\": {\"name\": \"\\u043f\\u0443\\u043d\\u043a\\u0442 \\u043c\\u0435\\u043d\\u044e \\u0440\\u0435\\u0441\\u0442\\u043e\\u0440\\u0430\\u043d\\u0430\", \"object\": \"\\u0421\\u0435\\u043a\\u0440\\u0435\\u0442\\u043d\\u044b\\u0439 \\u0440\\u0435\\u0441\\u0442\\u043e\\u0440\\u0430\\u043d - \\u0421\\u0442\\u0435\\u0439\\u043a\\u0445\\u0430\\u0443\\u0441\"}}, {\"added\": {\"name\": \"\\u043f\\u0443\\u043d\\u043a\\u0442 \\u043c\\u0435\\u043d\\u044e \\u0440\\u0435\\u0441\\u0442\\u043e\\u0440\\u0430\\u043d\\u0430\", \"object\": \"\\u0421\\u0435\\u043a\\u0440\\u0435\\u0442\\u043d\\u044b\\u0439 \\u0440\\u0435\\u0441\\u0442\\u043e\\u0440\\u0430\\u043d - \\u0424\\u0438\\u0448 \\u0420\\u043e\\u043b\\u043b\"}}]"}}, {"model": "admin.logentry", "pk": 82, "fields": {"action_time": "2022-08-30T07:05:32.920Z", "user": 1, "content_type": 12, "object_id": "47", "object_repr": "Заказ №47", "action_flag": 1, "change_message": "[{\"added\": {}}, {\"added\": {\"name\": \"\\u041f\\u043e\\u0437\\u0438\\u0446\\u0438\\u044f \\u0437\\u0430\\u043a\\u0430\\u0437\\u0430\", \"object\": \"OrderLine object (19)\"}}]"}}, {"model": "admin.logentry", "pk": 83, "fields": {"action_time": "2022-08-30T07:06:31.969Z", "user": 1, "content_type": 2, "object_id": "4", "object_repr": "Секретный ресторан", "action_flag": 2, "change_message": "[{\"changed\": {\"fields\": [\"\\u0410\\u0434\\u0440\\u0435\\u0441\"]}}]"}}, {"model": "admin.logentry", "pk": 84, "fields": {"action_time": "2022-08-30T07:07:40.266Z", "user": 1, "content_type": 2, "object_id": "4", "object_repr": "Секретный ресторан", "action_flag": 2, "change_message": "[{\"changed\": {\"fields\": [\"\\u0410\\u0434\\u0440\\u0435\\u0441\"]}}]"}}, {"model": "admin.logentry", "pk": 85, "fields": {"action_time": "2022-08-30T10:08:10.260Z", "user": 1, "content_type": 2, "object_id": "4", "object_repr": "Секретный ресторан", "action_flag": 2, "change_message": "[{\"changed\": {\"fields\": [\"\\u0410\\u0434\\u0440\\u0435\\u0441\"]}}]"}}, {"model": "admin.logentry", "pk": 86, "fields": {"action_time": "2022-08-30T10:10:39.517Z", "user": 1, "content_type": 2, "object_id": "4", "object_repr": "Секретный ресторан", "action_flag": 2, "change_message": "[{\"changed\": {\"fields\": [\"\\u0410\\u0434\\u0440\\u0435\\u0441\"]}}]"}}, {"model": "admin.logentry", "pk": 87, "fields": {"action_time": "2022-08-30T10:27:22.558Z", "user": 1, "content_type": 2, "object_id": "4", "object_repr": "Секретный ресторан", "action_flag": 2, "change_message": "[{\"changed\": {\"fields\": [\"\\u0410\\u0434\\u0440\\u0435\\u0441\"]}}]"}}, {"model": "admin.logentry", "pk": 88, "fields": {"action_time": "2022-08-30T11:47:57.528Z", "user": 1, "content_type": 1, "object_id": "6", "object_repr": "Бутерброд с икрой", "action_flag": 1, "change_message": "[{\"added\": {}}]"}}, {"model": "admin.logentry", "pk": 89, "fields": {"action_time": "2022-08-30T11:59:16.521Z", "user": 1, "content_type": 1, "object_id": "6", "object_repr": "Бутерброд с икрой", "action_flag": 2, "change_message": "[{\"added\": {\"name\": \"\\u043f\\u0443\\u043d\\u043a\\u0442 \\u043c\\u0435\\u043d\\u044e \\u0440\\u0435\\u0441\\u0442\\u043e\\u0440\\u0430\\u043d\\u0430\", \"object\": \"\\u0421\\u0435\\u043a\\u0440\\u0435\\u0442\\u043d\\u044b\\u0439 \\u0440\\u0435\\u0441\\u0442\\u043e\\u0440\\u0430\\u043d - \\u0411\\u0443\\u0442\\u0435\\u0440\\u0431\\u0440\\u043e\\u0434 \\u0441 \\u0438\\u043a\\u0440\\u043e\\u0439\"}}]"}}, {"model": "admin.logentry", "pk": 90, "fields": {"action_time": "2022-08-30T11:59:52.331Z", "user": 1, "content_type": 2, "object_id": "4", "object_repr": "Секретный ресторан", "action_flag": 2, "change_message": "[{\"deleted\": {\"name\": \"\\u043f\\u0443\\u043d\\u043a\\u0442 \\u043c\\u0435\\u043d\\u044e \\u0440\\u0435\\u0441\\u0442\\u043e\\u0440\\u0430\\u043d\\u0430\", \"object\": \"\\u0421\\u0435\\u043a\\u0440\\u0435\\u0442\\u043d\\u044b\\u0439 \\u0440\\u0435\\u0441\\u0442\\u043e\\u0440\\u0430\\u043d - \\u0421\\u0442\\u0435\\u0439\\u043a\\u0445\\u0430\\u0443\\u0441\"}}, {\"deleted\": {\"name\": \"\\u043f\\u0443\\u043d\\u043a\\u0442 \\u043c\\u0435\\u043d\\u044e \\u0440\\u0435\\u0441\\u0442\\u043e\\u0440\\u0430\\u043d\\u0430\", \"object\": \"\\u0421\\u0435\\u043a\\u0440\\u0435\\u0442\\u043d\\u044b\\u0439 \\u0440\\u0435\\u0441\\u0442\\u043e\\u0440\\u0430\\u043d - \\u0424\\u0438\\u0448 \\u0420\\u043e\\u043b\\u043b\"}}]"}}, {"model": "admin.logentry", "pk": 91, "fields": {"action_time": "2022-08-30T12:15:40.112Z", "user": 1, "content_type": 2, "object_id": "4", "object_repr": "Секретный ресторан", "action_flag": 2, "change_message": "[{\"changed\": {\"fields\": [\"\\u0410\\u0434\\u0440\\u0435\\u0441\"]}}]"}}, {"model": "admin.logentry", "pk": 92, "fields": {"action_time": "2022-08-30T12:32:16.295Z", "user": 1, "content_type": 12, "object_id": "50", "object_repr": "Заказ №50", "action_flag": 2, "change_message": "[{\"deleted\": {\"name\": \"\\u041f\\u043e\\u0437\\u0438\\u0446\\u0438\\u044f \\u0437\\u0430\\u043a\\u0430\\u0437\\u0430\", \"object\": \"OrderLine object (None)\"}}]"}}, {"model": "admin.logentry", "pk": 93, "fields": {"action_time": "2022-08-30T12:34:48.621Z", "user": 1, "content_type": 12, "object_id": "50", "object_repr": "Заказ №50", "action_flag": 2, "change_message": "[{\"changed\": {\"fields\": [\"\\u0410\\u0434\\u0440\\u0435\\u0441\"]}}]"}}, {"model": "admin.logentry", "pk": 94, "fields": {"action_time": "2022-08-30T12:46:56.378Z", "user": 1, "content_type": 12, "object_id": "51", "object_repr": "Заказ №51", "action_flag": 2, "change_message": "[{\"added\": {\"name\": \"\\u041f\\u043e\\u0437\\u0438\\u0446\\u0438\\u044f \\u0437\\u0430\\u043a\\u0430\\u0437\\u0430\", \"object\": \"OrderLine object (27)\"}}, {\"deleted\": {\"name\": \"\\u041f\\u043e\\u0437\\u0438\\u0446\\u0438\\u044f \\u0437\\u0430\\u043a\\u0430\\u0437\\u0430\", \"object\": \"OrderLine object (None)\"}}, {\"deleted\": {\"name\": \"\\u041f\\u043e\\u0437\\u0438\\u0446\\u0438\\u044f \\u0437\\u0430\\u043a\\u0430\\u0437\\u0430\", \"object\": \"OrderLine object (None)\"}}]"}}, {"model": "admin.logentry", "pk": 95, "fields": {"action_time": "2022-08-30T12:48:25.108Z", "user": 1, "content_type": 12, "object_id": "49", "object_repr": "Заказ №49", "action_flag": 2, "change_message": "[{\"added\": {\"name\": \"\\u041f\\u043e\\u0437\\u0438\\u0446\\u0438\\u044f \\u0437\\u0430\\u043a\\u0430\\u0437\\u0430\", \"object\": \"OrderLine object (28)\"}}, {\"deleted\": {\"name\": \"\\u041f\\u043e\\u0437\\u0438\\u0446\\u0438\\u044f \\u0437\\u0430\\u043a\\u0430\\u0437\\u0430\", \"object\": \"OrderLine object (None)\"}}, {\"deleted\": {\"name\": \"\\u041f\\u043e\\u0437\\u0438\\u0446\\u0438\\u044f \\u0437\\u0430\\u043a\\u0430\\u0437\\u0430\", \"object\": \"OrderLine object (None)\"}}]"}}, {"model": "admin.logentry", "pk": 96, "fields": {"action_time": "2022-08-30T12:48:31.721Z", "user": 1, "content_type": 12, "object_id": "49", "object_repr": "Заказ №49", "action_flag": 2, "change_message": "[]"}}, {"model": "admin.logentry", "pk": 97, "fields": {"action_time": "2022-08-30T12:49:31.963Z", "user": 1, "content_type": 12, "object_id": "51", "object_repr": "Заказ №51", "action_flag": 2, "change_message": "[{\"added\": {\"name\": \"\\u041f\\u043e\\u0437\\u0438\\u0446\\u0438\\u044f \\u0437\\u0430\\u043a\\u0430\\u0437\\u0430\", \"object\": \"OrderLine object (29)\"}}, {\"deleted\": {\"name\": \"\\u041f\\u043e\\u0437\\u0438\\u0446\\u0438\\u044f \\u0437\\u0430\\u043a\\u0430\\u0437\\u0430\", \"object\": \"OrderLine object (None)\"}}]"}}, {"model": "admin.logentry", "pk": 98, "fields": {"action_time": "2022-08-31T10:55:14.831Z", "user": 1, "content_type": 12, "object_id": "52", "object_repr": "Заказ №52", "action_flag": 2, "change_message": "[{\"changed\": {\"fields\": [\"\\u0421\\u043f\\u043e\\u0441\\u043e\\u0431 \\u043e\\u043f\\u043b\\u0430\\u0442\\u044b\", \"\\u0410\\u0434\\u0440\\u0435\\u0441\"]}}]"}}, {"model": "admin.logentry", "pk": 99, "fields": {"action_time": "2022-08-31T10:56:31.584Z", "user": 1, "content_type": 12, "object_id": "52", "object_repr": "Заказ №52", "action_flag": 2, "change_message": "[{\"changed\": {\"fields\": [\"\\u0410\\u0434\\u0440\\u0435\\u0441\"]}}]"}}, {"model": "admin.logentry", "pk": 100, "fields": {"action_time": "2022-08-31T11:00:19.618Z", "user": 1, "content_type": 12, "object_id": "52", "object_repr": "Заказ №52", "action_flag": 2, "change_message": "[{\"changed\": {\"fields\": [\"\\u0410\\u0434\\u0440\\u0435\\u0441\"]}}]"}}, {"model": "admin.logentry", "pk": 101, "fields": {"action_time": "2022-08-31T11:04:30.992Z", "user": 1, "content_type": 12, "object_id": "52", "object_repr": "Заказ №52", "action_flag": 2, "change_message": "[{\"changed\": {\"fields\": [\"\\u0410\\u0434\\u0440\\u0435\\u0441\"]}}]"}}, {"model": "admin.logentry", "pk": 102, "fields": {"action_time": "2022-08-31T12:24:09.916Z", "user": 1, "content_type": 1, "object_id": "6", "object_repr": "Бутерброд с икрой", "action_flag": 2, "change_message": "[{\"added\": {\"name\": \"\\u043f\\u0443\\u043d\\u043a\\u0442 \\u043c\\u0435\\u043d\\u044e \\u0440\\u0435\\u0441\\u0442\\u043e\\u0440\\u0430\\u043d\\u0430\", \"object\": \"Star Burger \\u0426\\u0432\\u0435\\u0442\\u043d\\u043e\\u0439 - \\u0411\\u0443\\u0442\\u0435\\u0440\\u0431\\u0440\\u043e\\u0434 \\u0441 \\u0438\\u043a\\u0440\\u043e\\u0439\"}}]"}}, {"model": "admin.logentry", "pk": 103, "fields": {"action_time": "2022-08-31T12:46:19.970Z", "user": 1, "content_type": 12, "object_id": "41", "object_repr": "Заказ №41", "action_flag": 2, "change_message": "[{\"changed\": {\"fields\": [\"\\u0418\\u0441\\u043f\\u043e\\u043b\\u043d\\u0438\\u0442\\u0435\\u043b\\u044c\"]}}]"}}, {"model": "auth.permission", "pk": 1, "fields": {"name": "Can add товар", "content_type": 1, "codename": "add_product"}}, {"model": "auth.permission", "pk": 2, "fields": {"name": "Can change товар", "content_type": 1, "codename": "change_product"}}, {"model": "auth.permission", "pk": 3, "fields": {"name": "Can delete товар", "content_type": 1, "codename": "delete_product"}}, {"model": "auth.permission", "pk": 4, "fields": {"name": "Can view товар", "content_type": 1, "codename": "view_product"}}, {"model": "auth.permission", "pk": 5, "fields": {"name": "Can add ресторан", "content_type": 2, "codename": "add_restaurant"}}, {"model": "auth.permission", "pk": 6, "fields": {"name": "Can change ресторан", "content_type": 2, "codename": "change_restaurant"}}, {"model": "auth.permission", "pk": 7, "fields": {"name": "Can delete ресторан", "content_type": 2, "codename": "delete_restaurant"}}, {"model": "auth.permission", "pk": 8, "fields": {"name": "Can view ресторан", "content_type": 2, "codename": "view_restaurant"}}, {"model": "auth.permission", "pk": 9, "fields": {"name": "Can add пункт меню ресторана", "content_type": 3, "codename": "add_restaurantmenuitem"}}, {"model": "auth.permission", "pk": 10, "fields": {"name": "Can change пункт меню ресторана", "content_type": 3, "codename": "change_restaurantmenuitem"}}, {"model": "auth.permission", "pk": 11, "fields": {"name": "Can delete пункт меню ресторана", "content_type": 3, "codename": "delete_restaurantmenuitem"}}, {"model": "auth.permission", "pk": 12, "fields": {"name": "Can view пункт меню ресторана", "content_type": 3, "codename": "view_restaurantmenuitem"}}, {"model": "auth.permission", "pk": 13, "fields": {"name": "Can add категория", "content_type": 4, "codename": "add_productcategory"}}, {"model": "auth.permission", "pk": 14, "fields": {"name": "Can change категория", "content_type": 4, "codename": "change_productcategory"}}, {"model": "auth.permission", "pk": 15, "fields": {"name": "Can delete категория", "content_type": 4, "codename": "delete_productcategory"}}, {"model": "auth.permission", "pk": 16, "fields": {"name": "Can view категория", "content_type": 4, "codename": "view_productcategory"}}, {"model": "auth.permission", "pk": 17, "fields": {"name": "Can add log entry", "content_type": 5, "codename": "add_logentry"}}, {"model": "auth.permission", "pk": 18, "fields": {"name": "Can change log entry", "content_type": 5, "codename": "change_logentry"}}, {"model": "auth.permission", "pk": 19, "fields": {"name": "Can delete log entry", "content_type": 5, "codename": "delete_logentry"}}, {"model": "auth.permission", "pk": 20, "fields": {"name": "Can view log entry", "content_type": 5, "codename": "view_logentry"}}, {"model": "auth.permission", "pk": 21, "fields": {"name": "Can add permission", "content_type": 6, "codename": "add_permission"}}, {"model": "auth.permission", "pk": 22, "fields": {"name": "Can change permission", "content_type": 6, "codename": "change_permission"}}, {"model": "auth.permission", "pk": 23, "fields": {"name": "Can delete permission", "content_type": 6, "codename": "delete_permission"}}, {"model": "auth.permission", "pk": 24, "fields": {"name": "Can view permission", "content_type": 6, "codename": "view_permission"}}, {"model": "auth.permission", "pk": 25, "fields": {"name": "Can add group", "content_type": 7, "codename": "add_group"}}, {"model": "auth.permission", "pk": 26, "fields": {"name": "Can change group", "content_type": 7, "codename": "change_group"}}, {"model": "auth.permission", "pk": 27, "fields": {"name": "Can delete group", "content_type": 7, "codename": "delete_group"}}, {"model": "auth.permission", "pk": 28, "fields": {"name": "Can view group", "content_type": 7, "codename": "view_group"}}, {"model": "auth.permission", "pk": 29, "fields": {"name": "Can add user", "content_type": 8, "codename": "add_user"}}, {"model": "auth.permission", "pk": 30, "fields": {"name": "Can change user", "content_type": 8, "codename": "change_user"}}, {"model": "auth.permission", "pk": 31, "fields": {"name": "Can delete user", "content_type": 8, "codename": "delete_user"}}, {"model": "auth.permission", "pk": 32, "fields": {"name": "Can view user", "content_type": 8, "codename": "view_user"}}, {"model": "auth.permission", "pk": 33, "fields": {"name": "Can add content type", "content_type": 9, "codename": "add_contenttype"}}, {"model": "auth.permission", "pk": 34, "fields": {"name": "Can change content type", "content_type": 9, "codename": "change_contenttype"}}, {"model": "auth.permission", "pk": 35, "fields": {"name": "Can delete content type", "content_type": 9, "codename": "delete_contenttype"}}, {"model": "auth.permission", "pk": 36, "fields": {"name": "Can view content type", "content_type": 9, "codename": "view_contenttype"}}, {"model": "auth.permission", "pk": 37, "fields": {"name": "Can add session", "content_type": 10, "codename": "add_session"}}, {"model": "auth.permission", "pk": 38, "fields": {"name": "Can change session", "content_type": 10, "codename": "change_session"}}, {"model": "auth.permission", "pk": 39, "fields": {"name": "Can delete session", "content_type": 10, "codename": "delete_session"}}, {"model": "auth.permission", "pk": 40, "fields": {"name": "Can view session", "content_type": 10, "codename": "view_session"}}, {"model": "auth.permission", "pk": 41, "fields": {"name": "Can add Позиция заказа", "content_type": 11, "codename": "add_orderline"}}, {"model": "auth.permission", "pk": 42, "fields": {"name": "Can change Позиция заказа", "content_type": 11, "codename": "change_orderline"}}, {"model": "auth.permission", "pk": 43, "fields": {"name": "Can delete Позиция заказа", "content_type": 11, "codename": "delete_orderline"}}, {"model": "auth.permission", "pk": 44, "fields": {"name": "Can view Позиция заказа", "content_type": 11, "codename": "view_orderline"}}, {"model": "auth.permission", "pk": 45, "fields": {"name": "Can add заказ", "content_type": 12, "codename": "add_order"}}, {"model": "auth.permission", "pk": 46, "fields": {"name": "Can change заказ", "content_type": 12, "codename": "change_order"}}, {"model": "auth.permission", "pk": 47, "fields": {"name": "Can delete заказ", "content_type": 12, "codename": "delete_order"}}, {"model": "auth.permission", "pk": 48, "fields": {"name": "Can view заказ", "content_type": 12, "codename": "view_order"}}, {"model": "auth.permission", "pk": 49, "fields": {"name": "Can add geo cache", "content_type": 13, "codename": "add_geocache"}}, {"model": "auth.permission", "pk": 50, "fields": {"name": "Can change geo cache", "content_type": 13, "codename": "change_geocache"}}, {"model": "auth.permission", "pk": 51, "fields": {"name": "Can delete geo cache", "content_type": 13, "codename": "delete_geocache"}}, {"model": "auth.permission", "pk": 52, "fields": {"name": "Can view geo cache", "content_type": 13, "codename": "view_geocache"}}, {"model": "auth.user", "pk": 1, "fields": {"password": "pbkdf2_sha256$260000$iUClsPhlF6QM8ohKAm614a$hZ9QcPEWRVNKvJVcBO6L2xQo6Fk1s1znfxmTGhFetjY=", "last_login": "2022-09-26T11:31:32.518Z", "is_superuser": true, "username": "admin", "first_name": "", "last_name": "", "email": "", "is_staff": true, "is_active": true, "date_joined": "2022-08-10T08:20:50.721Z", "groups": [], "user_permissions": []}}, {"model": "contenttypes.contenttype", "pk": 1, "fields": {"app_label": "foodcartapp", "model": "product"}}, {"model": "contenttypes.contenttype", "pk": 2, "fields": {"app_label": "foodcartapp", "model": "restaurant"}}, {"model": "contenttypes.contenttype", "pk": 3, "fields": {"app_label": "foodcartapp", "model": "restaurantmenuitem"}}, {"model": "contenttypes.contenttype", "pk": 4, "fields": {"app_label": "foodcartapp", "model": "productcategory"}}, {"model": "contenttypes.contenttype", "pk": 5, "fields": {"app_label": "admin", "model": "logentry"}}, {"model": "contenttypes.contenttype", "pk": 6, "fields": {"app_label": "auth", "model": "permission"}}, {"model": "contenttypes.contenttype", "pk": 7, "fields": {"app_label": "auth", "model": "group"}}, {"model": "contenttypes.contenttype", "pk": 8, "fields": {"app_label": "auth", "model": "user"}}, {"model": "contenttypes.contenttype", "pk": 9, "fields": {"app_label": "contenttypes", "model": "contenttype"}}, {"model": "contenttypes.contenttype", "pk": 10, "fields": {"app_label": "sessions", "model": "session"}}, {"model": "contenttypes.contenttype", "pk": 11, "fields": {"app_label": "foodcartapp", "model": "orderline"}}, {"model": "contenttypes.contenttype", "pk": 12, "fields": {"app_label": "foodcartapp", "model": "order"}}, {"model": "contenttypes.contenttype", "pk": 13, "fields": {"app_label": "geocode", "model": "geocache"}}, {"model": "sessions.session", "pk": "9twpb5u96hyfyomdqlqgg1moevd6n9zo", "fields": {"session_data": ".eJxVjDsOwjAQRO_iGllx7MUxJT1niMa7Dg4gW8qnQtydREoB5cx7M2_VY11yv85p6kdRF2XU6beL4GcqO5AHyr1qrmWZxqh3RR901rcq6XU93L-DjDlvawJxk9CBmrPtyCaPIThrPYJ0gIA8tdE5MG8pSvIDtyFEIWN89IP6fAH5Mjju:1oQ57M:obO8_oyhan27eevzixpIrOMfIf2c0J_16Z_VQqG6KrE", "expire_date": "2022-09-05T10:57:16.933Z"}}, {"model": "sessions.session", "pk": "dtrrnfmk1x77gtvivwr7v7ni7rablb7h", "fields": {"session_data": ".eJxVjDsOwjAQRO_iGllx7MUxJT1niMa7Dg4gW8qnQtydREoB5cx7M2_VY11yv85p6kdRF2XU6beL4GcqO5AHyr1qrmWZxqh3RR901rcq6XU93L-DjDlvawJxk9CBmrPtyCaPIThrPYJ0gIA8tdE5MG8pSvIDtyFEIWN89IP6fAH5Mjju:1ocVaD:b-FI0hFyR8WkqzsqGMLH9NRugTHn7T-e3hZ4T7-KJQg", "expire_date": "2022-10-09T17:38:25.156Z"}}, {"model": "sessions.session", "pk": "gaxy6yw77zhiz8jvsk6t77lxu7bxrrki", "fields": {"session_data": ".eJxVjDsOwjAQRO_iGllx7MUxJT1niMa7Dg4gW8qnQtydREoB5cx7M2_VY11yv85p6kdRF2XU6beL4GcqO5AHyr1qrmWZxqh3RR901rcq6XU93L-DjDlvawJxk9CBmrPtyCaPIThrPYJ0gIA8tdE5MG8pSvIDtyFEIWN89IP6fAH5Mjju:1oSztT:OuHHR6PNFomeq1eAgn-S6Uaow5IBwtBy_yx6gHCImvM", "expire_date": "2022-09-13T11:58:59.538Z"}}, {"model": "sessions.session", "pk": "k476f2fihzivckl15bkf3zb5ghiy6np9", "fields": {"session_data": ".eJxVjDsOwjAQRO_iGllx7MUxJT1niMa7Dg4gW8qnQtydREoB5cx7M2_VY11yv85p6kdRF2XU6beL4GcqO5AHyr1qrmWZxqh3RR901rcq6XU93L-DjDlvawJxk9CBmrPtyCaPIThrPYJ0gIA8tdE5MG8pSvIDtyFEIWN89IP6fAH5Mjju:1oSvEu:JJVFip4t8hEzPkU_HO3JHxo51QgfRrdkxoBvc7ZXlhI", "expire_date": "2022-09-13T07:00:48.149Z"}}, {"model": "sessions.session", "pk": "phhycjmzxgzbbsbrqure5cxwnw6sao3h", "fields": {"session_data": ".eJxVjDsOwjAQRO_iGllx7MUxJT1niMa7Dg4gW8qnQtydREoB5cx7M2_VY11yv85p6kdRF2XU6beL4GcqO5AHyr1qrmWZxqh3RR901rcq6XU93L-DjDlvawJxk9CBmrPtyCaPIThrPYJ0gIA8tdE5MG8pSvIDtyFEIWN89IP6fAH5Mjju:1ocmKi:m0skhUWVJQDccZyUs5RX1Wxgo058_wAjlK59_jfJMhU", "expire_date": "2022-10-10T11:31:32.521Z"}}, {"model": "sessions.session", "pk": "wgu5f4g5gu8dhlvx30nq88xl1ubftn02", "fields": {"session_data": ".eJxVjDsOwjAQRO_iGllx7MUxJT1niMa7Dg4gW8qnQtydREoB5cx7M2_VY11yv85p6kdRF2XU6beL4GcqO5AHyr1qrmWZxqh3RR901rcq6XU93L-DjDlvawJxk9CBmrPtyCaPIThrPYJ0gIA8tdE5MG8pSvIDtyFEIWN89IP6fAH5Mjju:1oXh49:i7Cx_nkuPvmmI7P-eLBt-uvxxqNdcLEmobjjXCHcScM", "expire_date": "2022-09-26T10:53:25.121Z"}}, {"model": "sessions.session", "pk": "ypo4bpal2vwdya8rohn2az54oh2lcst3", "fields": {"session_data": ".eJxVjDsOwjAQRO_iGllx7MUxJT1niMa7Dg4gW8qnQtydREoB5cx7M2_VY11yv85p6kdRF2XU6beL4GcqO5AHyr1qrmWZxqh3RR901rcq6XU93L-DjDlvawJxk9CBmrPtyCaPIThrPYJ0gIA8tdE5MG8pSvIDtyFEIWN89IP6fAH5Mjju:1oMQjt:zs2zoUp4HI2p7SU93i_oZEVww540Es7v9u7NRwFX_VA", "expire_date": "2022-08-26T09:13:57.798Z"}}, {"model": "geocode.geocache", "pk": 1, "fields": {"address": "Москва, БЦ \"Башиловский двор\"", "lat": "55.75581900", "lon": "37.61764400", "timestamp": "2022-08-22"}}, {"model": "geocode.geocache", "pk": 2, "fields": {"address": "Москва, ул. Верхняя Масловка, 25-1-22", "lat": "55.79743200", "lon": "37.55860700", "timestamp": "2022-08-22"}}, {"model": "geocode.geocache", "pk": 3, "fields": {"address": "Москва, пл. Киевского Вокзала, 2", "lat": "55.74463700", "lon": "37.56607200", "timestamp": "2022-08-22"}}, {"model": "geocode.geocache", "pk": 4, "fields": {"address": "Простоквашино, дом 32", "lat": "55.22100800", "lon": "37.21982500", "timestamp": "2022-08-22"}}, {"model": "geocode.geocache", "pk": 5, "fields": {"address": "Клин, стрельбище", "lat": "56.33158800", "lon": "36.72872500", "timestamp": "2022-08-22"}}, {"model": "geocode.geocache", "pk": 6, "fields": {"address": "Москва, ул. Новый Арбат, 15", "lat": "55.75214100", "lon": "37.59242000", "timestamp": "2022-08-22"}}, {"model": "geocode.geocache", "pk": 7, "fields": {"address": "Админка, отдел заказов", "lat": "40.70528200", "lon": "64.58109900", "timestamp": "2022-08-22"}}, {"model": "geocode.geocache", "pk": 8, "fields": {"address": "Каморка Папы Карло", "lat": "62.46555100", "lon": "21.49549000", "timestamp": "2022-08-22"}}, {"model": "geocode.geocache", "pk": 9, "fields": {"address": "Москва, Цветной бульвар, 11с2", "lat": "55.77007600", "lon": "37.62042900", "timestamp": "2022-08-22"}}, {"model": "geocode.geocache", "pk": 10, "fields": {"address": "Мытищинский район, д. Осташково", "lat": "55.99549300", "lon": "37.62660900", "timestamp": "2022-08-22"}}, {"model": "geocode.geocache", "pk": 11, "fields": {"address": "г. Вологда", "lat": "59.22050100", "lon": "39.89152300", "timestamp": "2022-08-22"}}, {"model": "geocode.geocache", "pk": 12, "fields": {"address": "Санкт-Петербург, Фонтанка, 13", "lat": "59.93649000", "lon": "30.34291600", "timestamp": "2022-08-30"}}, {"model": "geocode.geocache", "pk": 13, "fields": {"address": "Химки", "lat": "55.88874000", "lon": "37.43039000", "timestamp": "2022-08-30"}}, {"model": "geocode.geocache", "pk": 14, "fields": {"address": "Москва, Олимпийский проспект, 14", "lat": "55.77835500", "lon": "37.62337500", "timestamp": "2022-08-30"}}, {"model": "geocode.geocache", "pk": 15, "fields": {"address": "Москва, Девман", "lat": "55.75581900", "lon": "37.61764400", "timestamp": "2022-08-31"}}, {"model": "geocode.geocache", "pk": 16, "fields": {"address": "Москва, ул. Новый Арбат, 21", "lat": "55.75189800", "lon": "37.58579900", "timestamp": "2022-08-31"}}, {"model": "geocode.geocache", "pk": 17, "fields": {"address": "Италия, Милан", "lat": "45.46418300", "lon": "9.18959500", "timestamp": "2022-09-05"}}]